buffer-size,fifo,lru,2Q
2500.0,0.049897,0.049941,0.049749
5000.0,0.099835,0.099717,0.100003
7500.0,0.149477,0.149539,0.149708
10000.0,0.198906,0.199006,0.199373
12500.0,0.248285,0.248207,0.24839
15000.0,0.297611,0.297414,0.297639
17500.0,0.346254,0.346421,0.346618
20000.0,0.394967,0.395141,0.395197
