buffer-size,fifo,lru,2Q
2500.0,0.401843,0.441728,0.5359
5000.0,0.495816,0.538155,0.613061
7500.0,0.559403,0.602174,0.661945
10000.0,0.609026,0.651306,0.699109
12500.0,0.650348,0.691607,0.729342
15000.0,0.685981,0.72586,0.754813
17500.0,0.717694,0.755663,0.777169
20000.0,0.745914,0.782255,0.797243
