buffer-size,fifo,lru,2Q,simplified2Q13,simplified2q12,simplified2q14
2500.0,0.097602,0.105389,0.173585,0.161572,0.147785,0.168721
5000.0,0.170059,0.183327,0.252269,0.239809,0.223577,0.24773
7500.0,0.233446,0.251155,0.315057,0.303862,0.286293,0.312177
10000.0,0.291999,0.313035,0.370187,0.359729,0.342116,0.368378
12500.0,0.34678,0.37025,0.419906,0.410958,0.393246,0.419609
15000.0,0.398268,0.423857,0.465927,0.458416,0.440587,0.467084
17500.0,0.447396,0.474724,0.509897,0.502952,0.485306,0.51156
20000.0,0.494808,0.522801,0.551857,0.545737,0.527762,0.553741
